keyword,city,source_file,ranking,title,link,snippet,business_name,rating,review_count,official_website,top_3_reviews,profile_updates,attributes,product_listings,name,reviews,domain,domain_authority,page_authority,spam_score,backlinks_count,referring_domains,pages_to_domain,top_backlinks,trust_flow
blockchain for lawyers,Sherman Oaks,Crypto-HighVolume-- Sherman Oaks.xlsx,1,"TOP 10 BEST Crypto Lawyer near Sherman Oaks, Los Angeles, CA ...",https://m.yelp.com/search?find_desc=Crypto+Lawyer&find_loc=Sherman+Oaks%2C+Los+Angeles%2C+CA,"All ""Crypto Lawyer"" results near me in Sherman Oaks, Los Angeles, California - March 2025. Showing 1-10 of 10 · Leading Tax Group.",,,,,,,"{'type': None, 'hours': None, 'phone': None}",,,,m.yelp.com,0,0,0,0,0,0,,
blockchain for lawyers,Sherman Oaks,Crypto-HighVolume-- Sherman Oaks.xlsx,2,Blockchain and Fintech Attorneys - Sheppard Mullin,https://www.sheppardmullin.com/blockchain-and-fintech,Missing: Sherman Oaks,,,,,,,"{'type': None, 'hours': None, 'phone': None}",,,,sheppardmullin.com,51,48,32,168010,4814,1810834,,
blockchain for lawyers,Sherman Oaks,Crypto-HighVolume-- Sherman Oaks.xlsx,3,Bitcoin Tax Attorney in Sherman Oaks - Leading Tax Group,https://www.leadingtaxgroup.com/most-experienced-bitcoin-tax-experts/sherman-oaks/,"Leading Tax Group has offices located in Sherman Oaks, our tax attorney has plenty of Bitcoin experience and can help if you are going through a audit or need ...",,,,,,,"{'type': None, 'hours': None, 'phone': None}",,,,leadingtaxgroup.com,25,35,49,13914,832,13914,,
construction litigation attorney near me,Sherman Oaks,Construction-LongTail -- Sherman Oaks.xlsx,3,Los Angeles CA Construction Lawyer | California Real Estate ...,https://www.jdhorowitzlaw.com/,"The Horowitz Law Firm, APC can help you with your eminent domain issue. Call today to speak with an experienced attorney in Los Angeles at 818-528-5183.",,,,,,,"{'type': None, 'hours': None, 'phone': None}",,,,jdhorowitzlaw.com,17,28,2,1948,118,9531,,
crypto fraud attorney,Sherman Oaks,Crypto-HighVolume-- Sherman Oaks.xlsx,1,Sherman Oaks Cryptocurrency Tax Expert – Audit Attorney,https://www.leadingtaxgroup.com/the-best-cryptocurrency-tax-experts/sherman-oaks/,"In other words, it's easy to get penalized by the IRS or even be accused of fraud. An Sherman Oaks cryptocurrency tax expert from our company will keep a ...",,,,,,,"{'type': None, 'hours': None, 'phone': None}",,,,leadingtaxgroup.com,25,35,49,13914,832,13914,,
crypto fraud attorney,Sherman Oaks,Crypto-HighVolume-- Sherman Oaks.xlsx,3,"Crypto, NFT & Metaverse Lawyer - Vondran Legal",https://www.vondranlegal.com/crypto-lawyer,Crypto fraud; Wallet hacks/wallet theft (passphrase theft); Arbitration of crypto disputes; Illegal Ponzi scheme civil suits; Digital asset litigation; Metamask ...,,,,,,,"{'type': None, 'hours': None, 'phone': None}",,,,vondranlegal.com,36,40,1,22526,1780,149128,,
construction law attorney near me,Sherman Oaks,Construction-LongTail -- Sherman Oaks.xlsx,2,"Los Angeles Construction Law Lawyers | Sherman Oaks, CA ...",https://www.jdhorowitzlaw.com/Practice-Areas/Construction-Law/,For experienced legal help with a construction contract or dispute contact an experienced Los Angeles attorney at The Horowitz Law Firm: 818-528-5183.,,,,,,,"{'type': None, 'hours': None, 'phone': None}",,,,jdhorowitzlaw.com,17,28,2,1948,118,9531,,
commercial construction attorney near me,Sherman Oaks,Construction-LongTail -- Sherman Oaks.xlsx,2,"Los Angeles Construction Law Lawyers | Sherman Oaks, CA ...",https://www.jdhorowitzlaw.com/Practice-Areas/Construction-Law/,For experienced legal help with a construction contract or dispute contact an experienced Los Angeles attorney at The Horowitz Law Firm: 818-528-5183.,,,,,,,"{'type': None, 'hours': None, 'phone': None}",,,,jdhorowitzlaw.com,17,28,2,1948,118,9531,,
blockchain law firm,Sherman Oaks,Crypto-HighVolume-- Sherman Oaks.xlsx,1,Stubbs Alderton & Markiles Attorneys Assist Clients With Every ...,https://stubbsalderton.com/,"Stubbs Alderton & Markiles Attorneys specialize in corporate, VC, M&A, Business Litigation, Intellectual Property, Entertainment, Public Securities.",,,,,,,"{'type': None, 'hours': None, 'phone': None}",,,,stubbsalderton.com,37,39,8,9657,586,143752,,
blockchain law firm,Sherman Oaks,Crypto-HighVolume-- Sherman Oaks.xlsx,2,Sherman Oaks Cryptocurrency Tax Expert – Audit Attorney,https://www.leadingtaxgroup.com/the-best-cryptocurrency-tax-experts/sherman-oaks/,Our cryptocurrency tax expert in Sherman Oaks has been helping investors avoid penalties and protect their assets from the IRS for years. Crypto tax laws and ...,,,,,,,"{'type': None, 'hours': None, 'phone': None}",,,,leadingtaxgroup.com,25,35,49,13914,832,13914,,
blockchain law firm,Sherman Oaks,Crypto-HighVolume-- Sherman Oaks.xlsx,3,Cryptocurrency Accounting Services - Richard Grossman Law Offices,https://www.law-grossman.com/cryptocurrency.php,"Thousand Oaks, CA Law Firm | Cryptocurrency Accounting Services Page | Law Office of Richard. Call Us Today (805) 309-2830. Cryptocurrency Accounting Services.",,,,,,,"{'type': None, 'hours': None, 'phone': None}",,,,law-grossman.com,2,16,-1,9,9,9,,
contractor fraud attorney near me,Sherman Oaks,Construction-LongTail -- Sherman Oaks.xlsx,1,Breach of Contract Attorney Los Angeles | Counts Law Firm PC,https://www.countslawfirm.com/los-angeles-business-law-attorney/breach-of-contract-fraud/,"Counts Law Firm has substantial experience resolving thousands of breach of contract, fraud, and unfair business practice cases in Los Angeles County courts.",,,,,,,"{'type': None, 'hours': None, 'phone': None}",,,,countslawfirm.com,20,28,1,464,125,2291,,
contractor fraud attorney near me,Sherman Oaks,Construction-LongTail -- Sherman Oaks.xlsx,2,Business Litigation - Grant Shenon,https://www.grantshenon.com/business-litigation,"IS THERE A BUSINESS FRAUD ATTORNEY NEAR ME? · Breach of contract claims · Collections · Derivative shareholder actions · Contractual and business torts, and more!",,,,,,,"{'type': None, 'hours': None, 'phone': None}",,,,grantshenon.com,16,29,2,5377,192,16395,,
contractor fraud attorney near me,Sherman Oaks,Construction-LongTail -- Sherman Oaks.xlsx,3,Sherman Oaks Breach of Contract & Fraud Lawyers,https://koronpodolsky.com/services/employment-litigation/breach-of-contract-fraud/,Our Sherman Oaks attorneys are dedicated to protecting workers' rights and helping them stand up to the employers who violate them.,,,,,,,"{'type': None, 'hours': None, 'phone': None}",,,,koronpodolsky.com,12,23,1,163,41,2372,,
contractor lawyer near me,Sherman Oaks,Construction-LongTail -- Sherman Oaks.xlsx,1,"Los Angeles Construction Law Lawyers | Sherman Oaks, CA ...",https://www.jdhorowitzlaw.com/Practice-Areas/Construction-Law/,For experienced legal help with a construction contract or dispute contact an experienced Los Angeles attorney at The Horowitz Law Firm: 818-528-5183.,,,,,,,"{'type': None, 'hours': None, 'phone': None}",,,,jdhorowitzlaw.com,17,28,2,1948,118,9531,,
construction attorney near me,Sherman Oaks,Construction-LongTail -- Sherman Oaks.xlsx,2,"Los Angeles Construction Law Lawyers | Sherman Oaks, CA ...",https://www.jdhorowitzlaw.com/Practice-Areas/Construction-Law/,For experienced legal help with a construction contract or dispute contact an experienced Los Angeles attorney at The Horowitz Law Firm: 818-528-5183.,,,,,,,"{'type': None, 'hours': None, 'phone': None}",,,,jdhorowitzlaw.com,17,28,2,1948,118,9531,,
home sherman oaksvation dispute attorney near me,Sherman Oaks,Construction-LongTail -- Sherman Oaks.xlsx,3,"Artemis Law Group in Sherman Oaks, CA",https://artemislawapc.com/sherman-oaks-law-firm/,"Artemis Law Group is a trusted legal partner serving clients in Sherman Oaks and the surrounding areas. Specializing in construction, real estate, and business ...",,,,,,,"{'type': None, 'hours': None, 'phone': None}",,,,artemislawapc.com,8,21,3,400,23,930,,
construction accident lawyers near me,Sherman Oaks,Construction-LongTail -- Sherman Oaks.xlsx,1,Los Angeles Construction Accident Lawyers | Priority Law Group,http://www.prioritylawgroup.com/personal-injury/construction-accidents/,Call (877) 975-2529 for an experienced attorney to protect your rights and maximize compensation for your injuries. We represent victims in Sherman Oaks & the surrounding LA area.,,,,,,,"{'type': None, 'hours': None, 'phone': None}",,,,prioritylawgroup.com,12,24,1,128,55,1454,,
construction accident lawyers near me,Sherman Oaks,Construction-LongTail -- Sherman Oaks.xlsx,2,Sherman Oaks Construction Accident Lawyer - Free Consultation,https://www.barrylawgroup.com/sherman-oaks-construction-accident-lawyer/,Sherman Oaks Construction Accident Lawyer at Barry Law Group helps injured workers recover damages. Protect your rights. Contact us today!,,,,,,,"{'type': None, 'hours': None, 'phone': None}",,,,barrylawgroup.com,20,27,1,451,190,1364,,
construction accident lawyers near me,Sherman Oaks,Construction-LongTail -- Sherman Oaks.xlsx,3,Sherman Oaks Construction Accident Lawyer | JUSTICENTER ...,https://justicenter.com/sherman-oaks-construction-accident-lawyer/,The experienced Sherman Oaks construction accident lawyers at JUSTICENTER Personal Injury Lawyers can help you maximize your recovery. Contact our law office in ...,,,,,,,"{'type': None, 'hours': None, 'phone': None}",,,,justicenter.com,22,25,-1,1922,67,1922,,
contractor dispute attorney near me,Sherman Oaks,Construction-LongTail -- Sherman Oaks.xlsx,1,"Los Angeles Construction Law Lawyers | Sherman Oaks, CA ...",https://www.jdhorowitzlaw.com/Practice-Areas/Construction-Law/,For experienced legal help with a construction contract or dispute contact an experienced Los Angeles attorney at The Horowitz Law Firm: 818-528-5183.,,,,,,,"{'type': None, 'hours': None, 'phone': None}",,,,jdhorowitzlaw.com,17,28,2,1948,118,9531,,
construction contract dispute lawyer near me,Sherman Oaks,Construction-LongTail -- Sherman Oaks.xlsx,1,"Los Angeles Construction Law Lawyers | Sherman Oaks, CA ...",https://www.jdhorowitzlaw.com/Practice-Areas/Construction-Law/,For experienced legal help with a construction contract or dispute contact an experienced Los Angeles attorney at The Horowitz Law Firm: 818-528-5183.,,,,,,,"{'type': None, 'hours': None, 'phone': None}",,,,jdhorowitzlaw.com,17,28,2,1948,118,9531,,
blockchain attorney,Sherman Oaks,Crypto-HighVolume-- Sherman Oaks.xlsx,1,"TOP 10 BEST Crypto Lawyer near Sherman Oaks, Los Angeles, CA ...",https://m.yelp.com/search?find_desc=Crypto+Lawyer&find_loc=Sherman+Oaks%2C+Los+Angeles%2C+CA,"Top 10 Best Crypto Lawyer in Los Angeles, CA - March 2025 - Yelp - Leading Tax Group, The Tax Law Offices of David W Klasing, PC, Semper Tax Relief, ...",,,,,,,"{'type': None, 'hours': None, 'phone': None}",,,,m.yelp.com,0,0,0,0,0,0,,
blockchain attorney,Sherman Oaks,Crypto-HighVolume-- Sherman Oaks.xlsx,2,Bitcoin Tax Attorney in Sherman Oaks - Leading Tax Group,https://www.leadingtaxgroup.com/most-experienced-bitcoin-tax-experts/sherman-oaks/,"Leading Tax Group has offices located in Sherman Oaks, our tax attorney has plenty of Bitcoin experience and can help if you are going through a audit or need ...",,,,,,,"{'type': None, 'hours': None, 'phone': None}",,,,leadingtaxgroup.com,25,35,49,13914,832,13914,,
blockchain attorney,Sherman Oaks,Crypto-HighVolume-- Sherman Oaks.xlsx,3,Stubbs Alderton & Markiles Attorneys Assist Clients With Every ...,https://stubbsalderton.com/,"Stubbs Alderton & Markiles Attorneys specialize in corporate, VC, M&A, Business Litigation, Intellectual Property, Entertainment, Public Securities.",,,,,,,"{'type': None, 'hours': None, 'phone': None}",,,,stubbsalderton.com,37,39,8,9657,586,143752,,
construction accident attorney near me,Sherman Oaks,Construction-LongTail -- Sherman Oaks.xlsx,1,Los Angeles Construction Accident Lawyers | Priority Law Group,http://www.prioritylawgroup.com/personal-injury/construction-accidents/,Call (877) 975-2529 for an experienced attorney to protect your rights and maximize compensation for your injuries. We represent victims in Sherman Oaks & the surrounding LA area.,,,,,,,"{'type': None, 'hours': None, 'phone': None}",,,,prioritylawgroup.com,12,24,1,128,55,1454,,
construction accident attorney near me,Sherman Oaks,Construction-LongTail -- Sherman Oaks.xlsx,2,Sherman Oaks Construction Accident Lawyer - Free Consultation,https://www.barrylawgroup.com/sherman-oaks-construction-accident-lawyer/,Sherman Oaks Construction Accident Lawyer at Barry Law Group helps injured workers recover damages. Protect your rights. Contact us today!,,,,,,,"{'type': None, 'hours': None, 'phone': None}",,,,barrylawgroup.com,20,27,1,451,190,1364,,
construction accident attorney near me,Sherman Oaks,Construction-LongTail -- Sherman Oaks.xlsx,3,Sherman Oaks Construction Accident Lawyer,https://justicenter.com/sherman-oaks-construction-accident-lawyer/,The experienced Sherman Oaks construction accident lawyers at JUSTICENTER Personal Injury Lawyers can help you maximize your recovery. Contact our law office in ...,,,,,,,"{'type': None, 'hours': None, 'phone': None}",,,,justicenter.com,22,25,-1,1922,67,1922,,
construction lawyers near me,Sherman Oaks,Construction-LongTail -- Sherman Oaks.xlsx,1,"Los Angeles Construction Law Lawyers | Sherman Oaks, CA ...",https://www.jdhorowitzlaw.com/Practice-Areas/Construction-Law/,For experienced legal help with a construction contract or dispute contact an experienced Los Angeles attorney at The Horowitz Law Firm: 818-528-5183.,,,,,,,"{'type': None, 'hours': None, 'phone': None}",,,,jdhorowitzlaw.com,17,28,2,1948,118,9531,,
residential construction attorney near me,Sherman Oaks,Construction-LongTail -- Sherman Oaks.xlsx,1,"Los Angeles Construction Law Lawyers | Sherman Oaks, CA ...",https://www.jdhorowitzlaw.com/Practice-Areas/Construction-Law/,For experienced legal help with a construction contract or dispute contact an experienced Los Angeles attorney at The Horowitz Law Firm: 818-528-5183.,,,,,,,"{'type': None, 'hours': None, 'phone': None}",,,,jdhorowitzlaw.com,17,28,2,1948,118,9531,,
best crypto lawyers,Sherman Oaks,Crypto-HighVolume-- Sherman Oaks.xlsx,1,"TOP 10 BEST Crypto Lawyer near Sherman Oaks, Los Angeles, CA ...",https://m.yelp.com/search?find_desc=Crypto+Lawyer&find_loc=Sherman+Oaks%2C+Los+Angeles%2C+CA,"I needed a lawyer after my car accident and was recommended to Peter Lee. After working with him and his group, he showed me what dedication and hard work ...",,,,,,,"{'type': None, 'hours': None, 'phone': None}",,,,m.yelp.com,0,0,0,0,0,0,,
best crypto lawyers,Sherman Oaks,Crypto-HighVolume-- Sherman Oaks.xlsx,2,Sherman Oaks Cryptocurrency Tax Expert – Audit Attorney,https://www.leadingtaxgroup.com/the-best-cryptocurrency-tax-experts/sherman-oaks/,"Leading Tax Group has some of the best crypto tax experts in Sherman Oaks, CA. Use our knowledge and experience to your advantage, and stay one step ahead ...",,,,,,,"{'type': None, 'hours': None, 'phone': None}",,,,leadingtaxgroup.com,25,35,49,13914,832,13914,,
best crypto lawyers,Sherman Oaks,Crypto-HighVolume-- Sherman Oaks.xlsx,3,"TOP 10 BEST Crypto Lawyer near Hollywood Hills West, Los ... - Yelp",https://m.yelp.com/search?find_desc=Crypto+Lawyer&find_loc=Hollywood+Hills+West%2C+Los+Angeles%2C+CA,"Best Crypto Lawyer near Hollywood Hills West, Los Angeles, CA ; Leading Tax Group. 5.0 (45 reviews) ; The Tax Law Offices of David W Klasing, PC. 4.7 (51 reviews).",,,,,,,"{'type': None, 'hours': None, 'phone': None}",,,,m.yelp.com,0,0,0,0,0,0,,
lawyer to sue contractor near me,Sherman Oaks,Construction-LongTail -- Sherman Oaks.xlsx,1,"Los Angeles Construction Law Lawyers | Sherman Oaks, CA ...",https://www.jdhorowitzlaw.com/Practice-Areas/Construction-Law/,For experienced legal help with a construction contract or dispute contact an experienced Los Angeles attorney at The Horowitz Law Firm: 818-528-5183.,,,,,,,"{'type': None, 'hours': None, 'phone': None}",,,,jdhorowitzlaw.com,17,28,2,1948,118,9531,,
lawyer to sue contractor near me,Sherman Oaks,Construction-LongTail -- Sherman Oaks.xlsx,3,"Sherman Oaks Contract Dispute Lawyer - Schimmel & Parks, APLC",https://www.spattorneys.com/construction-and-real-estate-defects/contract-disputes/,"At Schimmel & Parks, APLC, we provide personalized and attentive legal counsel for construction and real estate contract disputes throughout Southern California ...",,,,,,,"{'type': None, 'hours': None, 'phone': None}",,,,spattorneys.com,14,26,2,1340,94,12212,,
contractor attorney near me,Sherman Oaks,Construction-LongTail -- Sherman Oaks.xlsx,2,"THE BEST 10 Contract Law near SHERMAN OAKS, LOS ANGELES ...",https://m.yelp.com/search?cflt=contractlaw&find_loc=Sherman+Oaks%2C+Los+Angeles%2C+CA,"The Best 10 Contract Law near Sherman Oaks, Los Angeles, CA · Grant Shenon Law Firm · Law Office Of Melissa C Marsh · Law Offices of Benjamin N Sternberg · Law ...",,,,,,,"{'type': None, 'hours': None, 'phone': None}",,,,m.yelp.com,0,0,0,0,0,0,,
contractor attorney near me,Sherman Oaks,Construction-LongTail -- Sherman Oaks.xlsx,3,"Los Angeles Construction Law Lawyers | Sherman Oaks, CA ...",https://www.jdhorowitzlaw.com/Practice-Areas/Construction-Law/,For experienced legal help with a construction contract or dispute contact an experienced Los Angeles attorney at The Horowitz Law Firm: 818-528-5183.,,,,,,,"{'type': None, 'hours': None, 'phone': None}",,,,jdhorowitzlaw.com,17,28,2,1948,118,9531,,
crypto law firm,Sherman Oaks,Crypto-HighVolume-- Sherman Oaks.xlsx,1,"TOP 10 BEST Crypto Lawyer near Sherman Oaks, Los Angeles, CA ...",https://m.yelp.com/search?find_desc=Crypto+Lawyer&find_loc=Sherman+Oaks%2C+Los+Angeles%2C+CA,"Leading Tax Group - Crypto Lawyer - Sherman Oaks, Los Angeles, CA. The Tax Law Offices of David W Klasing, PC - Crypto Lawyer - Sherman Oaks. Semper Tax ...",,,,,,,"{'type': None, 'hours': None, 'phone': None}",,,,m.yelp.com,0,0,0,0,0,0,,
crypto law firm,Sherman Oaks,Crypto-HighVolume-- Sherman Oaks.xlsx,2,Stubbs Alderton & Markiles Attorneys Assist Clients With Every ...,https://stubbsalderton.com/,"Stubbs Alderton & Markiles Attorneys specialize in corporate, VC, M&A, Business Litigation, Intellectual Property, Entertainment, Public Securities.",,,,,,,"{'type': None, 'hours': None, 'phone': None}",,,,stubbsalderton.com,37,39,8,9657,586,143752,,
crypto law firm,Sherman Oaks,Crypto-HighVolume-- Sherman Oaks.xlsx,3,Sherman Oaks Cryptocurrency Tax Expert – Audit Attorney,https://www.leadingtaxgroup.com/the-best-cryptocurrency-tax-experts/sherman-oaks/,Our cryptocurrency tax expert in Sherman Oaks has been helping investors avoid penalties and protect their assets from the IRS for years. Crypto tax laws and ...,,,,,,,"{'type': None, 'hours': None, 'phone': None}",,,,leadingtaxgroup.com,25,35,49,13914,832,13914,,
crypto law firms,Sherman Oaks,Crypto-HighVolume-- Sherman Oaks.xlsx,1,Stubbs Alderton & Markiles Attorneys Assist Clients With Every ...,https://stubbsalderton.com/,"Stubbs Alderton & Markiles Attorneys specialize in corporate, VC, M&A, Business Litigation, Intellectual Property, Entertainment, Public Securities.",,,,,,,"{'type': None, 'hours': None, 'phone': None}",,,,stubbsalderton.com,37,39,8,9657,586,143752,,
crypto law firms,Sherman Oaks,Crypto-HighVolume-- Sherman Oaks.xlsx,2,Sherman Oaks Cryptocurrency Tax Expert – Audit Attorney,https://www.leadingtaxgroup.com/the-best-cryptocurrency-tax-experts/sherman-oaks/,Cryptocurrency tax experts based in Sherman Oaks are waiting to help you. Leading Tax Group can help you if you are going through a audit due to ...,,,,,,,"{'type': None, 'hours': None, 'phone': None}",,,,leadingtaxgroup.com,25,35,49,13914,832,13914,,
crypto law firms,Sherman Oaks,Crypto-HighVolume-- Sherman Oaks.xlsx,3,"Cryptocurrency Accounting Services - Thousand Oaks, CA Law Firm",http://www.law-grossman.com/cryptocurrency.php,"Thousand Oaks, CA Law Firm | Cryptocurrency Accounting Services Page | Law Office of Richard. Call Us Today (805) 309-2830. Cryptocurrency Accounting Services.",,,,,,,"{'type': None, 'hours': None, 'phone': None}",,,,law-grossman.com,2,16,-1,9,9,9,,
law firm blockchain,Sherman Oaks,Crypto-HighVolume-- Sherman Oaks.xlsx,1,Stubbs Alderton & Markiles Attorneys Assist Clients With Every ...,https://stubbsalderton.com/,"SA&M is a full-service law firm with a wide range of practice areas, including mergers and acquisitions, public securities, venture capital and emerging growth.",,,,,,,"{'type': None, 'hours': None, 'phone': None}",,,,stubbsalderton.com,37,39,8,9657,586,143752,,
law firm blockchain,Sherman Oaks,Crypto-HighVolume-- Sherman Oaks.xlsx,2,Sherman Oaks Cryptocurrency Tax Expert – Audit Attorney,https://www.leadingtaxgroup.com/the-best-cryptocurrency-tax-experts/sherman-oaks/,Our cryptocurrency tax expert in Sherman Oaks has been helping investors avoid penalties and protect their assets from the IRS for years. Crypto tax laws and ...,,,,,,,"{'type': None, 'hours': None, 'phone': None}",,,,leadingtaxgroup.com,25,35,49,13914,832,13914,,
law firm blockchain,Sherman Oaks,Crypto-HighVolume-- Sherman Oaks.xlsx,3,Bitcoin Tax Attorney in Sherman Oaks - Leading Tax Group,https://www.leadingtaxgroup.com/most-experienced-bitcoin-tax-experts/sherman-oaks/,"Leading Tax Group has offices located in Sherman Oaks, our tax attorney has plenty of Bitcoin experience and can help if you are going through a audit or need ...",,,,,,,"{'type': None, 'hours': None, 'phone': None}",,,,leadingtaxgroup.com,25,35,49,13914,832,13914,,
cryptocurrency lawyer,Sherman Oaks,Crypto-HighVolume-- Sherman Oaks.xlsx,1,"TOP 10 BEST Crypto Lawyer near Sherman Oaks, Los Angeles, CA ...",https://m.yelp.com/search?find_desc=Crypto+Lawyer&find_loc=Sherman+Oaks%2C+Los+Angeles%2C+CA,"The Tax Law Offices of David W Klasing, PC - Crypto Lawyer - Sherman Oaks ... Cryptocurrency in Los Angeles, California · Green Card Lawyer in Los Angeles ...",,,,,,,"{'type': None, 'hours': None, 'phone': None}",,,,m.yelp.com,0,0,0,0,0,0,,
cryptocurrency lawyer,Sherman Oaks,Crypto-HighVolume-- Sherman Oaks.xlsx,2,Bitcoin Tax Attorney in Sherman Oaks - Leading Tax Group,https://www.leadingtaxgroup.com/most-experienced-bitcoin-tax-experts/sherman-oaks/,"Leading Tax Group has offices located in Sherman Oaks, our tax attorney has plenty of Bitcoin experience and can help if you are going through a audit or need ...",,,,,,,"{'type': None, 'hours': None, 'phone': None}",,,,leadingtaxgroup.com,25,35,49,13914,832,13914,,
cryptocurrency lawyer,Sherman Oaks,Crypto-HighVolume-- Sherman Oaks.xlsx,3,"Cryptocurrency Attorney in Los Angeles, CA",https://dyounglaw.net/practice-areas/cryptocurrency/,Missing: Sherman Oaks,,,,,,,"{'type': None, 'hours': None, 'phone': None}",,,,dyounglaw.net,17,31,6,4051,120,4903,,
crypto lawyers,Sherman Oaks,Crypto-HighVolume-- Sherman Oaks.xlsx,1,"TOP 10 BEST Crypto Lawyer near Sherman Oaks, Los Angeles, CA ...",https://m.yelp.com/search?find_desc=Crypto+Lawyer&find_loc=Sherman+Oaks%2C+Los+Angeles%2C+CA,"Top 10 Best Crypto Lawyer in Los Angeles, CA - March 2025 - Yelp - Leading Tax Group, The Tax Law Offices of David W Klasing, PC, Semper Tax Relief, ...",,,,,,,"{'type': None, 'hours': None, 'phone': None}",,,,m.yelp.com,0,0,0,0,0,0,,
crypto lawyers,Sherman Oaks,Crypto-HighVolume-- Sherman Oaks.xlsx,2,Stubbs Alderton & Markiles Attorneys Assist Clients With Every ...,https://stubbsalderton.com/,"Stubbs Alderton & Markiles Attorneys specialize in corporate, VC, M&A, Business Litigation, Intellectual Property, Entertainment, Public Securities.",,,,,,,"{'type': None, 'hours': None, 'phone': None}",,,,stubbsalderton.com,37,39,8,9657,586,143752,,
crypto lawyers,Sherman Oaks,Crypto-HighVolume-- Sherman Oaks.xlsx,3,Bitcoin Tax Attorney in Sherman Oaks - Leading Tax Group,https://www.leadingtaxgroup.com/most-experienced-bitcoin-tax-experts/sherman-oaks/,"Leading Tax Group has offices located in Sherman Oaks, our tax attorney has plenty of Bitcoin experience and can help if you are going through a audit or need ...",,,,,,,"{'type': None, 'hours': None, 'phone': None}",,,,leadingtaxgroup.com,25,35,49,13914,832,13914,,
crypto scam lawyer,Sherman Oaks,Crypto-HighVolume-- Sherman Oaks.xlsx,1,Sherman Oaks Cryptocurrency Tax Expert – Audit Attorney,https://www.leadingtaxgroup.com/the-best-cryptocurrency-tax-experts/sherman-oaks/,"In other words, it's easy to get penalized by the IRS or even be accused of fraud. An Sherman Oaks cryptocurrency tax expert from our company will keep a ...",,,,,,,"{'type': None, 'hours': None, 'phone': None}",,,,leadingtaxgroup.com,25,35,49,13914,832,13914,,
crypto scam lawyer,Sherman Oaks,Crypto-HighVolume-- Sherman Oaks.xlsx,2,"Crypto, NFT & Metaverse Lawyer - Vondran Legal",https://www.vondranlegal.com/crypto-lawyer,We can be reached at (877) 276-5084. bitcoin attorney logo. Attorney Steve Tip: Dealing with a Crypto Scam? Here is some helpful information. November 2022 ...,,,,,,,"{'type': None, 'hours': None, 'phone': None}",,,,vondranlegal.com,36,40,1,22526,1780,149128,,
crypto scam lawyer,Sherman Oaks,Crypto-HighVolume-- Sherman Oaks.xlsx,3,Bitcoin and Crypto Lawyers /Attorneys | Dilendorf Law Firm,https://dilendorf.com/blockchain-crypto/bitcoin-lawyers.html,Missing: Sherman Oaks,,,,,,,"{'type': None, 'hours': None, 'phone': None}",,,,dilendorf.com,29,40,1,22121,768,30717,,
cryptocurrency solicitor,Sherman Oaks,Crypto-HighVolume-- Sherman Oaks.xlsx,1,Bitcoin Tax Attorney in Sherman Oaks - Leading Tax Group,https://www.leadingtaxgroup.com/most-experienced-bitcoin-tax-experts/sherman-oaks/,"Leading Tax Group has offices located in Sherman Oaks, our tax attorney has plenty of Bitcoin experience and can help if you are going through a audit or need ...",,,,,,,"{'type': None, 'hours': None, 'phone': None}",,,,leadingtaxgroup.com,25,35,49,13914,832,13914,,
cryptocurrency solicitor,Sherman Oaks,Crypto-HighVolume-- Sherman Oaks.xlsx,2,Stubbs Alderton & Markiles Attorneys Assist Clients With Every ...,https://stubbsalderton.com/,"Stubbs Alderton & Markiles Attorneys specialize in corporate, VC, M&A, Business Litigation, Intellectual Property, Entertainment, Public Securities.",,,,,,,"{'type': None, 'hours': None, 'phone': None}",,,,stubbsalderton.com,37,39,8,9657,586,143752,,
cryptocurrency solicitor,Sherman Oaks,Crypto-HighVolume-- Sherman Oaks.xlsx,3,Bitcoin and Crypto Lawyers /Attorneys | Dilendorf Law Firm,https://dilendorf.com/blockchain-crypto/bitcoin-lawyers.html,Missing: Sherman Oaks,,,,,,,"{'type': None, 'hours': None, 'phone': None}",,,,dilendorf.com,29,40,1,22121,768,30717,,
cryptolawyers,Sherman Oaks,Crypto-HighVolume-- Sherman Oaks.xlsx,1,"TOP 10 BEST Crypto Lawyer near Sherman Oaks, Los Angeles, CA ...",https://m.yelp.com/search?find_desc=Crypto+Lawyer&find_loc=Sherman+Oaks%2C+Los+Angeles%2C+CA,"Top 10 Best Crypto Lawyer in Los Angeles, CA - March 2025 - Yelp - Leading Tax Group, The Tax Law Offices of David W Klasing, PC, Semper Tax Relief, ...",,,,,,,"{'type': None, 'hours': None, 'phone': None}",,,,m.yelp.com,0,0,0,0,0,0,,
cryptolawyers,Sherman Oaks,Crypto-HighVolume-- Sherman Oaks.xlsx,2,Stubbs Alderton & Markiles Attorneys Assist Clients With Every ...,https://stubbsalderton.com/,"Stubbs Alderton & Markiles Attorneys specialize in corporate, VC, M&A, Business Litigation, Intellectual Property, Entertainment, Public Securities.",,,,,,,"{'type': None, 'hours': None, 'phone': None}",,,,stubbsalderton.com,37,39,8,9657,586,143752,,
cryptolawyers,Sherman Oaks,Crypto-HighVolume-- Sherman Oaks.xlsx,3,"Crypto, NFT & Metaverse Lawyer - Vondran Legal",https://www.vondranlegal.com/crypto-lawyer,"Call us for Crypto & Blockchain Disputes, Metaverse, Cyrpto Arbitration, False Advertising, Unfair Competition, and Copyright NFT Disputes.",,,,,,,"{'type': None, 'hours': None, 'phone': None}",,,,vondranlegal.com,36,40,1,22526,1780,149128,,
cryptocurrency law firm,Sherman Oaks,Crypto-HighVolume-- Sherman Oaks.xlsx,1,Stubbs Alderton & Markiles Attorneys Assist Clients With Every ...,https://stubbsalderton.com/,"Stubbs Alderton & Markiles Attorneys specialize in corporate, VC, M&A, Business Litigation, Intellectual Property, Entertainment, Public Securities.",,,,,,,"{'type': None, 'hours': None, 'phone': None}",,,,stubbsalderton.com,37,39,8,9657,586,143752,,
cryptocurrency law firm,Sherman Oaks,Crypto-HighVolume-- Sherman Oaks.xlsx,2,Sherman Oaks Cryptocurrency Tax Expert – Audit Attorney,https://www.leadingtaxgroup.com/the-best-cryptocurrency-tax-experts/sherman-oaks/,Our cryptocurrency tax expert in Sherman Oaks has been helping investors avoid penalties and protect their assets from the IRS for years. Crypto tax laws and ...,,,,,,,"{'type': None, 'hours': None, 'phone': None}",,,,leadingtaxgroup.com,25,35,49,13914,832,13914,,
cryptocurrency law firm,Sherman Oaks,Crypto-HighVolume-- Sherman Oaks.xlsx,3,Bitcoin Tax Attorney in Sherman Oaks - Leading Tax Group,https://www.leadingtaxgroup.com/most-experienced-bitcoin-tax-experts/sherman-oaks/,"Leading Tax Group has offices located in Sherman Oaks, our tax attorney has plenty of Bitcoin experience and can help if you are going through a audit or need ...",,,,,,,"{'type': None, 'hours': None, 'phone': None}",,,,leadingtaxgroup.com,25,35,49,13914,832,13914,,
crypto recovery lawyer,Sherman Oaks,Crypto-HighVolume-- Sherman Oaks.xlsx,1,"Crypto, NFT & Metaverse Lawyer - Vondran Legal",https://www.vondranlegal.com/crypto-lawyer,"To discuss your case in confidence, call us at (877) 276-5084 or fill out our contact form and we will contact you. We have been handling technology and IP law ...",,,,,,,"{'type': None, 'hours': None, 'phone': None}",,,,vondranlegal.com,36,40,1,22526,1780,149128,,
crypto recovery lawyer,Sherman Oaks,Crypto-HighVolume-- Sherman Oaks.xlsx,2,Bitcoin Tax Attorney in California - Leading Tax Group,https://www.leadingtaxgroup.com/bitcoin-tax-attorney/,We are experts in all California laws relating to Bitcoin policy and can help you make the right decisions for yourself and your business.,,,,,,,"{'type': None, 'hours': None, 'phone': None}",,,,leadingtaxgroup.com,25,35,49,13914,832,13914,,
crypto recovery lawyer,Sherman Oaks,Crypto-HighVolume-- Sherman Oaks.xlsx,3,Bitcoin and Crypto Lawyers /Attorneys | Dilendorf Law Firm,https://dilendorf.com/blockchain-crypto/bitcoin-lawyers.html,Missing: Sherman Oaks,,,,,,,"{'type': None, 'hours': None, 'phone': None}",,,,dilendorf.com,29,40,1,22121,768,30717,,
cryptocurrency attorney,Sherman Oaks,Crypto-HighVolume-- Sherman Oaks.xlsx,1,"TOP 10 BEST Crypto Lawyer near Sherman Oaks, Los Angeles, CA ...",https://m.yelp.com/search?find_desc=Crypto+Lawyer&find_loc=Sherman+Oaks%2C+Los+Angeles%2C+CA,"All ""Crypto Lawyer"" results near me in Sherman Oaks, Los Angeles, California - March 2025. Showing 1-10 of 10 · Leading Tax Group.",,,,,,,"{'type': None, 'hours': None, 'phone': None}",,,,m.yelp.com,0,0,0,0,0,0,,
cryptocurrency attorney,Sherman Oaks,Crypto-HighVolume-- Sherman Oaks.xlsx,2,Sherman Oaks Cryptocurrency Tax Expert – Audit Attorney,https://www.leadingtaxgroup.com/the-best-cryptocurrency-tax-experts/sherman-oaks/,Our cryptocurrency tax expert in Sherman Oaks has been helping investors avoid penalties and protect their assets from the IRS for years. Crypto tax laws and ...,,,,,,,"{'type': None, 'hours': None, 'phone': None}",,,,leadingtaxgroup.com,25,35,49,13914,832,13914,,
cryptocurrency attorney,Sherman Oaks,Crypto-HighVolume-- Sherman Oaks.xlsx,3,Stubbs Alderton & Markiles Attorneys Assist Clients With Every ...,https://stubbsalderton.com/,"Stubbs Alderton & Markiles Attorneys specialize in corporate, VC, M&A, Business Litigation, Intellectual Property, Entertainment, Public Securities.",,,,,,,"{'type': None, 'hours': None, 'phone': None}",,,,stubbsalderton.com,37,39,8,9657,586,143752,,
breach of contract attorney sherman oaks,Sherman Oaks,business law Long tail -- Sherman Oaks.xlsx,2,"THE BEST 10 Contract Law near SHERMAN OAKS, LOS ANGELES ...",https://m.yelp.com/search?cflt=contractlaw&find_loc=Sherman+Oaks%2C+Los+Angeles%2C+CA,"The Best 10 Contract Law near Sherman Oaks, Los Angeles, CA · Grant Shenon Law Firm · Law Office Of Melissa C Marsh · Law Offices of Benjamin N Sternberg · Law ...",,,,,,,"{'type': None, 'hours': None, 'phone': None}",,,,m.yelp.com,0,0,0,0,0,0,,
breach of contract attorney sherman oaks,Sherman Oaks,business law Long tail -- Sherman Oaks.xlsx,3,"Sherman Oaks Contract Dispute Lawyer - Schimmel & Parks, APLC",https://www.spattorneys.com/construction-and-real-estate-defects/contract-disputes/,"To learn more about our contract dispute services or to speak with our attorneys, email us or call our office at 818-922-8544. Practice Areas. Abuse & Neglect ...",,,,,,,"{'type': None, 'hours': None, 'phone': None}",,,,spattorneys.com,14,26,2,1340,94,12212,,
crypto litigation lawyer,Sherman Oaks,Crypto-HighVolume-- Sherman Oaks.xlsx,1,"TOP 10 BEST Crypto Lawyer near Sherman Oaks, Los Angeles, CA ...",https://m.yelp.com/search?find_desc=Crypto+Lawyer&find_loc=Sherman+Oaks%2C+Los+Angeles%2C+CA,"Top 10 Best Crypto Lawyer in Los Angeles, CA - March 2025 - Yelp - Leading Tax Group, The Tax Law Offices of David W Klasing, PC, Semper Tax Relief, ...",,,,,,,"{'type': None, 'hours': None, 'phone': None}",,,,m.yelp.com,0,0,0,0,0,0,,
crypto litigation lawyer,Sherman Oaks,Crypto-HighVolume-- Sherman Oaks.xlsx,2,Stubbs Alderton & Markiles Attorneys Assist Clients With Every ...,https://stubbsalderton.com/,"Stubbs Alderton & Markiles Attorneys specialize in corporate, VC, M&A, Business Litigation, Intellectual Property, Entertainment, Public Securities.",,,,,,,"{'type': None, 'hours': None, 'phone': None}",,,,stubbsalderton.com,37,39,8,9657,586,143752,,
crypto litigation lawyer,Sherman Oaks,Crypto-HighVolume-- Sherman Oaks.xlsx,3,"Crypto, NFT & Metaverse Lawyer - Vondran Legal",https://www.vondranlegal.com/crypto-lawyer,"Call us for Crypto & Blockchain Disputes, Metaverse, Cyrpto Arbitration, False Advertising, Unfair Competition, and Copyright NFT Disputes.",,,,,,,"{'type': None, 'hours': None, 'phone': None}",,,,vondranlegal.com,36,40,1,22526,1780,149128,,
digital currency lawyer,Sherman Oaks,Crypto-HighVolume-- Sherman Oaks.xlsx,1,Bitcoin Tax Attorney in Sherman Oaks - Leading Tax Group,https://www.leadingtaxgroup.com/most-experienced-bitcoin-tax-experts/sherman-oaks/,"Leading Tax Group has offices located in Sherman Oaks, our tax attorney has plenty of Bitcoin experience and can help if you are going through a audit or need ...",,,,,,,"{'type': None, 'hours': None, 'phone': None}",,,,leadingtaxgroup.com,25,35,49,13914,832,13914,,
digital currency lawyer,Sherman Oaks,Crypto-HighVolume-- Sherman Oaks.xlsx,2,"Cryptocurrency Attorney in Los Angeles, CA",https://dyounglaw.net/practice-areas/cryptocurrency/,Missing: Sherman Oaks,,,,,,,"{'type': None, 'hours': None, 'phone': None}",,,,dyounglaw.net,17,31,6,4051,120,4903,,
digital currency lawyer,Sherman Oaks,Crypto-HighVolume-- Sherman Oaks.xlsx,3,"Crypto, NFT & Metaverse Lawyer - Vondran Legal",https://www.vondranlegal.com/crypto-lawyer,"To discuss your case in confidence, call us at (877) 276-5084 or fill out our contact form and we will contact you. We have been handling technology and IP law ...",,,,,,,"{'type': None, 'hours': None, 'phone': None}",,,,vondranlegal.com,36,40,1,22526,1780,149128,,
breach of contract lawyer sherman oaks,Sherman Oaks,business law Long tail -- Sherman Oaks.xlsx,3,"Sherman Oaks Contract Dispute Lawyer - Schimmel & Parks, APLC",https://www.spattorneys.com/construction-and-real-estate-defects/contract-disputes/,"To learn more about our contract dispute services or to speak with our attorneys, email us or call our office at 818-922-8544. Practice Areas. Abuse & Neglect ...",,,,,,,"{'type': None, 'hours': None, 'phone': None}",,,,spattorneys.com,14,26,2,1340,94,12212,,
lawyer blockchain,Sherman Oaks,Crypto-HighVolume-- Sherman Oaks.xlsx,1,"TOP 10 BEST Crypto Lawyer near Sherman Oaks, Los Angeles, CA ...",https://m.yelp.com/search?find_desc=Crypto+Lawyer&find_loc=Sherman+Oaks%2C+Los+Angeles%2C+CA,"Best Crypto Lawyer near Sherman Oaks, Los Angeles, CA. All ""Crypto Lawyer ... The Tax Law Offices of David W Klasing, PC - Crypto Lawyer - Sherman Oaks.",,,,,,,"{'type': None, 'hours': None, 'phone': None}",,,,m.yelp.com,0,0,0,0,0,0,,
lawyer blockchain,Sherman Oaks,Crypto-HighVolume-- Sherman Oaks.xlsx,2,Stubbs Alderton & Markiles Attorneys Assist Clients With Every ...,https://stubbsalderton.com/,"Stubbs Alderton & Markiles Attorneys specialize in corporate, VC, M&A, Business Litigation, Intellectual Property, Entertainment, Public Securities.",,,,,,,"{'type': None, 'hours': None, 'phone': None}",,,,stubbsalderton.com,37,39,8,9657,586,143752,,
business dispute attorney near me,Sherman Oaks,business law Long tail -- Sherman Oaks.xlsx,1,"Best Business Attorney near Sherman Oaks, Los Angeles, CA - Yelp",https://m.yelp.com/search?find_desc=Business+Attorney&find_loc=Sherman+Oaks%2C+CA,"Best Business Attorney near Sherman Oaks, Los Angeles, CA",,,,,,,"{'type': None, 'hours': None, 'phone': None}",,,,m.yelp.com,0,0,0,0,0,0,,
business dispute attorney near me,Sherman Oaks,business law Long tail -- Sherman Oaks.xlsx,3,"Schimmel & Parks, APLC: Sherman Oaks Business & Civil Litigators ...",https://www.spattorneys.com/,"Schimmel & Parks, APLC, in Sherman Oaks, California handles civil cases as well as business disputes. We can help you. Call us today at 818-922-8544.",,,,,,,"{'type': None, 'hours': None, 'phone': None}",,,,spattorneys.com,14,26,2,1340,94,12212,,
commercial litigation attorney in sherman oaks,Sherman Oaks,business law Long tail -- Sherman Oaks.xlsx,1,Sherman Oaks Business Litigation Attorney | Partnership Dispute,https://www.spattorneys.com/business-litigation/,"Schimmel & Parks, APLC, in Sherman Oaks represent small and large businesses in complex business disputes. Call 818-922-8544 to speak with their attorneys.",,,,,,,"{'type': None, 'hours': None, 'phone': None}",,,,spattorneys.com,14,26,2,1340,94,12212,,
commercial litigation attorney in sherman oaks,Sherman Oaks,business law Long tail -- Sherman Oaks.xlsx,3,"Schimmel & Parks, APLC: Sherman Oaks Business & Civil Litigators ...",https://www.spattorneys.com/,"Schimmel & Parks, APLC, in Sherman Oaks, California handles civil cases as well as business disputes. We can help you. Call us today at 818-922-8544.",,,,,,,"{'type': None, 'hours': None, 'phone': None}",,,,spattorneys.com,14,26,2,1340,94,12212,,
business litigation attorney sherman oaks,Sherman Oaks,business law Long tail -- Sherman Oaks.xlsx,1,"Schimmel & Parks, APLC: Sherman Oaks Business & Civil Litigators ...",https://www.spattorneys.com/,"Schimmel & Parks, APLC, in Sherman Oaks, California handles civil cases as well as business disputes. We can help you. Call us today at 818-922-8544.",,,,,,,"{'type': None, 'hours': None, 'phone': None}",,,,spattorneys.com,14,26,2,1340,94,12212,,
business litigation attorney sherman oaks,Sherman Oaks,business law Long tail -- Sherman Oaks.xlsx,3,Sherman Oaks Business Litigation Attorney | Partnership Dispute,https://www.spattorneys.com/business-litigation/,"Schimmel & Parks, APLC, in Sherman Oaks represent small and large businesses in complex business disputes. Call 818-922-8544 to speak with their attorneys.",,,,,,,"{'type': None, 'hours': None, 'phone': None}",,,,spattorneys.com,14,26,2,1340,94,12212,,
business litigation attorney near me,Sherman Oaks,business law Long tail -- Sherman Oaks.xlsx,2,"Best Business Attorney near Sherman Oaks, Los Angeles, CA - Yelp",https://m.yelp.com/search?find_desc=Business+Attorney&find_loc=Sherman+Oaks%2C+CA,"Top 10 Best Business Attorney in Los Angeles, CA - April 2025 - Yelp - Stanley Franklin Law Firm, Grant Shenon Law Firm, Law Offices of Melody S Rahimi, ...",,,,,,,"{'type': None, 'hours': None, 'phone': None}",,,,m.yelp.com,0,0,0,0,0,0,,
business litigation attorney near me,Sherman Oaks,business law Long tail -- Sherman Oaks.xlsx,3,"Schimmel & Parks, APLC: Sherman Oaks Business & Civil Litigators ...",https://www.spattorneys.com/,"Schimmel & Parks, APLC, in Sherman Oaks, California handles civil cases as well as business disputes. We can help you. Call us today at 818-922-8544.",,,,,,,"{'type': None, 'hours': None, 'phone': None}",,,,spattorneys.com,14,26,2,1340,94,12212,,
business litigation lawyer near me,Sherman Oaks,business law Long tail -- Sherman Oaks.xlsx,1,"Schimmel & Parks, APLC: Sherman Oaks Business & Civil Litigators ...",https://www.spattorneys.com/,"Schimmel & Parks, APLC, in Sherman Oaks, California handles civil cases as well as business disputes. We can help you. Call us today at 818-922-8544.",,,,,,,"{'type': None, 'hours': None, 'phone': None}",,,,spattorneys.com,14,26,2,1340,94,12212,,
business litigation lawyer near me,Sherman Oaks,business law Long tail -- Sherman Oaks.xlsx,3,"Best Business Attorney near Sherman Oaks, Los Angeles, CA - Yelp",https://m.yelp.com/search?find_desc=Business+Attorney&find_loc=Sherman+Oaks%2C+CA,"Best Business Attorney near Sherman Oaks, Los Angeles, CA ; Stanley Franklin Law Firm · (446 reviews). Personal Injury Law ; Grant Shenon Law Firm · (89 reviews).",,,,,,,"{'type': None, 'hours': None, 'phone': None}",,,,m.yelp.com,0,0,0,0,0,0,,
sherman oaks breach of contract attorney,Sherman Oaks,business law Long tail -- Sherman Oaks.xlsx,2,"THE BEST 10 Contract Law near SHERMAN OAKS, LOS ANGELES ...",https://m.yelp.com/search?cflt=contractlaw&find_loc=Sherman+Oaks%2C+Los+Angeles%2C+CA,"The Best 10 Contract Law near Sherman Oaks, Los Angeles, CA · Grant Shenon Law Firm · Law Office Of Melissa C Marsh · Law Offices of Benjamin N Sternberg · Law ...",,,,,,,"{'type': None, 'hours': None, 'phone': None}",,,,m.yelp.com,0,0,0,0,0,0,,
sherman oaks breach of contract attorney,Sherman Oaks,business law Long tail -- Sherman Oaks.xlsx,3,"Sherman Oaks Contract Dispute Lawyer - Schimmel & Parks, APLC",https://www.spattorneys.com/construction-and-real-estate-defects/contract-disputes/,"To learn more about our contract dispute services or to speak with our attorneys, email us or call our office at 818-922-8544. Practice Areas. Abuse & Neglect ...",,,,,,,"{'type': None, 'hours': None, 'phone': None}",,,,spattorneys.com,14,26,2,1340,94,12212,,
mergers and acquisitions attorney near me,Sherman Oaks,business law Long tail -- Sherman Oaks.xlsx,2,Stubbs Alderton & Markiles Attorneys Assist Clients With Every ...,https://stubbsalderton.com/,"SA&M is a full-service law firm with a wide range of practice areas, including mergers and acquisitions, public securities, venture capital and emerging growth.",,,,,,,"{'type': None, 'hours': None, 'phone': None}",,,,stubbsalderton.com,37,39,8,9657,586,143752,,
estate attorney,Sherman Oaks,EstatePlanning-HighVolume -- Sherman Oaks.xlsx,1,"Probate, Estate, Elder, Trust Attorney Los Angeles, California",https://stevensonlawoffice.com/,"Stevenson Law Office is a leading firm for trust and estate litigation and administration and probate services for clients in Los Angeles, Sherman Oaks, Long ...",,,,,,,"{'type': None, 'hours': None, 'phone': None}",,,,stevensonlawoffice.com,22,32,3,1150,181,2750,,
estate attorney,Sherman Oaks,EstatePlanning-HighVolume -- Sherman Oaks.xlsx,3,Estate Planning Lawyer in Sherman Oaks | Call (818) 285-2850,https://talailaw.com/areas-we-serve/sherman-oaks/,Need an estate planning lawyer in Sherman Oaks? Call (818) 285-2850 for a free consultation with our experienced estate planning attorney.,,,,,,,"{'type': None, 'hours': None, 'phone': None}",,,,talailaw.com,14,24,1,138,40,15104,,
litigation attorney sherman oaks,Sherman Oaks,business law Long tail -- Sherman Oaks.xlsx,2,"Schimmel & Parks, APLC: Sherman Oaks Business & Civil Litigators ...",https://www.spattorneys.com/,"Schimmel & Parks, APLC, in Sherman Oaks, California handles civil cases as well as business disputes. We can help you. Call us today at 818-922-8544.",,,,,,,"{'type': None, 'hours': None, 'phone': None}",,,,spattorneys.com,14,26,2,1340,94,12212,,
litigation attorney sherman oaks,Sherman Oaks,business law Long tail -- Sherman Oaks.xlsx,3,Civil Litigation Attorney Sherman Oaks | Davana Law Firm,https://www.davanalaw.com/service-areas/sherman-oaks-ca-services/civil-litigation-cases-sherman-oaks-ca/,Davana Law can assist you throughout your entire civil litigation trial in Sherman Oaks. Call now to speak to one of our expert civil litigation attorneys ...,,,,,,,"{'type': None, 'hours': None, 'phone': None}",,,,davanalaw.com,19,27,3,489,140,20902,,
estate attorney near me,Sherman Oaks,EstatePlanning-HighVolume -- Sherman Oaks.xlsx,3,"Probate, Estate, Elder, Trust Attorney Los Angeles, California",https://stevensonlawoffice.com/,"Stevenson Law Office is a leading firm for trust and estate litigation and administration and probate services for clients in Los Angeles, Sherman Oaks, Long ...",,,,,,,"{'type': None, 'hours': None, 'phone': None}",,,,stevensonlawoffice.com,22,32,3,1150,181,2750,,
durable power of attorney,Sherman Oaks,EstatePlanning-HighVolume -- Sherman Oaks.xlsx,2,Sherman Oaks Power of Attorney - Law Offices of Andrew Cohen,https://andrewcohenlegal.com/sherman-oaks-power-of-attorney/,Durable Power of Attorney: Someone who has durable power of attorney has the same powers they would have if they had a general power of attorney. In ...,,,,,,,"{'type': None, 'hours': None, 'phone': None}",,,,andrewcohenlegal.com,24,36,1,4873,303,7545,,
commercial litigation attorney near me,Sherman Oaks,business law Long tail -- Sherman Oaks.xlsx,3,Business Litigation - Grant Shenon,https://www.grantshenon.com/business-litigation,Grant | Shenon offers a range of litigation services to help our clients resolve legal disputes before they can severely impact their business.,,,,,,,"{'type': None, 'hours': None, 'phone': None}",,,,grantshenon.com,16,29,2,5377,192,16395,,
estate lawyers in my area,Sherman Oaks,EstatePlanning-HighVolume -- Sherman Oaks.xlsx,2,"Probate, Estate, Elder, Trust Attorney Los Angeles, California",https://stevensonlawoffice.com/,"Stevenson Law Office is a leading firm for trust and estate litigation and administration and probate services for clients in Los Angeles, Sherman Oaks, Long ...",,,,,,,"{'type': None, 'hours': None, 'phone': None}",,,,stevensonlawoffice.com,22,32,3,1150,181,2750,,
estate lawyers in my area,Sherman Oaks,EstatePlanning-HighVolume -- Sherman Oaks.xlsx,3,Estate Planning Lawyer in Sherman Oaks | Call (818) 285-2850,https://talailaw.com/areas-we-serve/sherman-oaks/,Need an estate planning lawyer in Sherman Oaks? Call (818) 285-2850 for a free consultation with our experienced estate planning attorney.,,,,,,,"{'type': None, 'hours': None, 'phone': None}",,,,talailaw.com,14,24,1,138,40,15104,,
estate law attorney,Sherman Oaks,EstatePlanning-HighVolume -- Sherman Oaks.xlsx,1,"Probate, Estate, Elder, Trust Attorney Los Angeles, California",https://stevensonlawoffice.com/,"Stevenson Law Office is a leading firm for trust and estate litigation and administration and probate services for clients in Los Angeles, Sherman Oaks, Long ...",,,,,,,"{'type': None, 'hours': None, 'phone': None}",,,,stevensonlawoffice.com,22,32,3,1150,181,2750,,
estate law attorney,Sherman Oaks,EstatePlanning-HighVolume -- Sherman Oaks.xlsx,3,Home - Estate Planning Attorney Sherman Oaks | Sara Polinsky ...,https://www.polinskylaw.net/,"Sara Polinsky, Estate Planning and Elder Law Attorney has been providing comprehensive planning for Estate and Long Term Care issues.",,,,,,,"{'type': None, 'hours': None, 'phone': None}",,,,polinskylaw.net,9,26,5,159,62,434,,
commercial litigation attorney sherman oaks,Sherman Oaks,business law Long tail -- Sherman Oaks.xlsx,1,Sherman Oaks Business Litigation Attorney | Partnership Dispute,https://www.spattorneys.com/business-litigation/,"Schimmel & Parks, APLC, in Sherman Oaks represent small and large businesses in complex business disputes. Call 818-922-8544 to speak with their attorneys.",,,,,,,"{'type': None, 'hours': None, 'phone': None}",,,,spattorneys.com,14,26,2,1340,94,12212,,
commercial litigation attorney sherman oaks,Sherman Oaks,business law Long tail -- Sherman Oaks.xlsx,3,"Schimmel & Parks, APLC: Sherman Oaks Business & Civil Litigators ...",https://www.spattorneys.com/,"Schimmel & Parks, APLC, in Sherman Oaks, California handles civil cases as well as business disputes. We can help you. Call us today at 818-922-8544.",,,,,,,"{'type': None, 'hours': None, 'phone': None}",,,,spattorneys.com,14,26,2,1340,94,12212,,
estate plan attorneys near me,Sherman Oaks,EstatePlanning-HighVolume -- Sherman Oaks.xlsx,3,"Probate, Estate, Elder, Trust Attorney Los Angeles, California",https://stevensonlawoffice.com/,"Stevenson Law Office is a leading firm for trust and estate litigation and administration and probate services for clients in Los Angeles, Sherman Oaks, Long ...",,,,,,,"{'type': None, 'hours': None, 'phone': None}",,,,stevensonlawoffice.com,22,32,3,1150,181,2750,,
estate lawyers sherman oaks,Sherman Oaks,EstatePlanning-HighVolume -- Sherman Oaks.xlsx,1,"Probate, Estate, Elder, Trust Attorney Los Angeles, California",https://stevensonlawoffice.com/,"Stevenson Law Office is a leading firm for trust and estate litigation and administration and probate services for clients in Los Angeles, Sherman Oaks, Long ...",,,,,,,"{'type': None, 'hours': None, 'phone': None}",,,,stevensonlawoffice.com,22,32,3,1150,181,2750,,
estate lawyers sherman oaks,Sherman Oaks,EstatePlanning-HighVolume -- Sherman Oaks.xlsx,3,Estate Planning Lawyer in Sherman Oaks | Call (818) 285-2850,https://talailaw.com/areas-we-serve/sherman-oaks/,Need an estate planning lawyer in Sherman Oaks? Call (818) 285-2850 for a free consultation with our experienced estate planning attorney.,,,,,,,"{'type': None, 'hours': None, 'phone': None}",,,,talailaw.com,14,24,1,138,40,15104,,
estate planning attorney,Sherman Oaks,EstatePlanning-HighVolume -- Sherman Oaks.xlsx,2,"Probate, Estate, Elder, Trust Attorney Los Angeles, California",https://stevensonlawoffice.com/,"Stevenson Law Office is a leading firm for trust and estate litigation and administration and probate services for clients in Los Angeles, Sherman Oaks, Long ...",,,,,,,"{'type': None, 'hours': None, 'phone': None}",,,,stevensonlawoffice.com,22,32,3,1150,181,2750,,
estate lawyer,Sherman Oaks,EstatePlanning-HighVolume -- Sherman Oaks.xlsx,1,"Probate, Estate, Elder, Trust Attorney Los Angeles, California",https://stevensonlawoffice.com/,"Stevenson Law Office is a leading firm for trust and estate litigation and administration and probate services for clients in Los Angeles, Sherman Oaks, Long ...",,,,,,,"{'type': None, 'hours': None, 'phone': None}",,,,stevensonlawoffice.com,22,32,3,1150,181,2750,,
estate planning attorney sherman oaks,Sherman Oaks,EstatePlanning-HighVolume -- Sherman Oaks.xlsx,2,"Probate, Estate, Elder, Trust Attorney Los Angeles, California",https://stevensonlawoffice.com/,"Stevenson Law Office is a leading firm for trust and estate litigation and administration and probate services for clients in Los Angeles, Sherman Oaks, Long ...",,,,,,,"{'type': None, 'hours': None, 'phone': None}",,,,stevensonlawoffice.com,22,32,3,1150,181,2750,,
estate planning attorney sherman oaks,Sherman Oaks,EstatePlanning-HighVolume -- Sherman Oaks.xlsx,3,Estate Planning Lawyer in Sherman Oaks | Call (818) 285-2850,https://talailaw.com/areas-we-serve/sherman-oaks/,Need an estate planning lawyer in Sherman Oaks? Call (818) 285-2850 for a free consultation with our experienced estate planning attorney.,,,,,,,"{'type': None, 'hours': None, 'phone': None}",,,,talailaw.com,14,24,1,138,40,15104,,
estate planning lawyer sherman oaks,Sherman Oaks,EstatePlanning-HighVolume -- Sherman Oaks.xlsx,1,"Probate, Estate, Elder, Trust Attorney Los Angeles, California",https://stevensonlawoffice.com/,"Stevenson Law Office is a leading firm for trust and estate litigation and administration and probate services for clients in Los Angeles, Sherman Oaks, Long ...",,,,,,,"{'type': None, 'hours': None, 'phone': None}",,,,stevensonlawoffice.com,22,32,3,1150,181,2750,,
estate planning lawyer sherman oaks,Sherman Oaks,EstatePlanning-HighVolume -- Sherman Oaks.xlsx,3,Home - Estate Planning Attorney Sherman Oaks | Sara Polinsky ...,https://www.polinskylaw.net/,"Sara Polinsky, Estate Planning and Elder Law Attorney has been providing comprehensive planning for Estate and Long Term Care issues. She services clients ...",,,,,,,"{'type': None, 'hours': None, 'phone': None}",,,,polinskylaw.net,9,26,5,159,62,434,,
last wills and testaments,Sherman Oaks,EstatePlanning-HighVolume -- Sherman Oaks.xlsx,1,Last Will and Testament - The Bazikyan Law Group,https://bazikyanlaw.com/estate-planning/lastwillandtestament/,Our Sherman Oaks and Glendale general will attorneys provide assistance with planning and writing last wills and testaments.,,,,,,,"{'type': None, 'hours': None, 'phone': None}",,,,bazikyanlaw.com,14,28,1,203,102,203,,
lawyer for wills,Sherman Oaks,EstatePlanning-HighVolume -- Sherman Oaks.xlsx,1,Home - Estate Planning Attorney Sherman Oaks | Sara Polinsky ...,https://www.polinskylaw.net/,"Sara Polinsky , Estate Planning and Elder Law Attorney has been providing comprehensive planning for Estate and Long Term Care issues.",,,,,,,"{'type': None, 'hours': None, 'phone': None}",,,,polinskylaw.net,9,26,5,159,62,434,,
lawyer for wills,Sherman Oaks,EstatePlanning-HighVolume -- Sherman Oaks.xlsx,2,Hire the Best Estate Planning Attorney in the Sherman Oaks ...,https://singhlawfirm.com/best-estate-planning-attorney-in-the-sherman-oaks-california-area/,"The Singh Law Firm, reviewed as the best estate planning attorney in the Sherman Oaks, California area, offers services from basic wills to complex estate ...",,,,,,,"{'type': None, 'hours': None, 'phone': None}",,,,singhlawfirm.com,26,38,1,1833,421,28114,,
lawyer for wills,Sherman Oaks,EstatePlanning-HighVolume -- Sherman Oaks.xlsx,3,Estate Planning Lawyer in Sherman Oaks | Call (818) 285-2850,https://talailaw.com/areas-we-serve/sherman-oaks/,Need an estate planning lawyer in Sherman Oaks? Call (818) 285-2850 for a free consultation with our experienced estate planning attorney.,,,,,,,"{'type': None, 'hours': None, 'phone': None}",,,,talailaw.com,14,24,1,138,40,15104,,
trust estate attorney,Sherman Oaks,EstatePlanning-HighVolume -- Sherman Oaks.xlsx,1,"Probate, Estate, Elder, Trust Attorney Los Angeles, California",https://stevensonlawoffice.com/,"Stevenson Law Office is a leading firm for trust and estate litigation and administration and probate services for clients in Los Angeles, Sherman Oaks, Long ...",,,,,,,"{'type': None, 'hours': None, 'phone': None}",,,,stevensonlawoffice.com,22,32,3,1150,181,2750,,
trust estate attorney,Sherman Oaks,EstatePlanning-HighVolume -- Sherman Oaks.xlsx,3,Estate Planning Lawyer in Sherman Oaks | Call (818) 285-2850,https://talailaw.com/areas-we-serve/sherman-oaks/,Need an estate planning lawyer in Sherman Oaks? Call (818) 285-2850 for a free consultation with our experienced estate planning attorney.,,,,,,,"{'type': None, 'hours': None, 'phone': None}",,,,talailaw.com,14,24,1,138,40,15104,,
estate planning lawyer,Sherman Oaks,EstatePlanning-HighVolume -- Sherman Oaks.xlsx,2,"Probate, Estate, Elder, Trust Attorney Los Angeles, California",https://stevensonlawoffice.com/,"Stevenson Law Office is a leading firm for trust and estate litigation and administration and probate services for clients in Los Angeles, Sherman Oaks, Long ...",,,,,,,"{'type': None, 'hours': None, 'phone': None}",,,,stevensonlawoffice.com,22,32,3,1150,181,2750,,
estate planning lawyer,Sherman Oaks,EstatePlanning-HighVolume -- Sherman Oaks.xlsx,3,Estate Planning Lawyer in Sherman Oaks | Call (818) 285-2850,https://talailaw.com/areas-we-serve/sherman-oaks/,Need an estate planning lawyer in Sherman Oaks? Call (818) 285-2850 for a free consultation with our experienced estate planning attorney.,,,,,,,"{'type': None, 'hours': None, 'phone': None}",,,,talailaw.com,14,24,1,138,40,15104,,
power of attorney lawyers,Sherman Oaks,EstatePlanning-HighVolume -- Sherman Oaks.xlsx,1,"Best Power Of Attorney near Sherman Oaks, Los Angeles, CA - Yelp",https://m.yelp.com/search?find_desc=Power+Of+Attorney&find_loc=Sherman+Oaks%2C+CA,"Best Power Of Attorney near Sherman Oaks, Los Angeles, CA · NCF Law · The Document Specialists · Schauer Law Group · Express Document Solutions · Ester's Mobile ...",,,,,,,"{'type': None, 'hours': None, 'phone': None}",,,,m.yelp.com,0,0,0,0,0,0,,
power of attorney lawyers,Sherman Oaks,EstatePlanning-HighVolume -- Sherman Oaks.xlsx,2,"Probate, Estate, Elder, Trust Attorney Los Angeles, California",https://stevensonlawoffice.com/,"Stevenson Law Office is a leading firm for trust and estate litigation and administration and probate services for clients in Los Angeles, Sherman Oaks, Long ...",,,,,,,"{'type': None, 'hours': None, 'phone': None}",,,,stevensonlawoffice.com,22,32,3,1150,181,2750,,
power of attorney lawyers,Sherman Oaks,EstatePlanning-HighVolume -- Sherman Oaks.xlsx,3,"Powers of Attorney Lawyer in Los Angeles, CA",https://www.rodneygouldlaw.com/practice-areas/estate-planning/powers-of-attorney/,"The Law Office of Rodney Gould provides clients in Los Angeles, Sherman Oaks, Studio City, West Hollywood, and Beverly Hills, California with information about ...",,,,,,,"{'type': None, 'hours': None, 'phone': None}",,,,rodneygouldlaw.com,18,27,1,351,104,3576,,
trust attorneys,Sherman Oaks,EstatePlanning-HighVolume -- Sherman Oaks.xlsx,1,"Probate, Estate, Elder, Trust Attorney Los Angeles, California",https://stevensonlawoffice.com/,"Stevenson Law Office is a leading firm for trust and estate litigation and administration and probate services for clients in Los Angeles, Sherman Oaks, Long ...",,,,,,,"{'type': None, 'hours': None, 'phone': None}",,,,stevensonlawoffice.com,22,32,3,1150,181,2750,,
trust attorneys,Sherman Oaks,EstatePlanning-HighVolume -- Sherman Oaks.xlsx,3,Estate Planning Lawyer in Sherman Oaks | Call (818) 285-2850,https://talailaw.com/areas-we-serve/sherman-oaks/,"At Talai Law Offices, Inc. we help you prepare for life. Our flat-fee approach, trust-funding services, and creative financing options make it easier to pursue ...",,,,,,,"{'type': None, 'hours': None, 'phone': None}",,,,talailaw.com,14,24,1,138,40,15104,,
living trust attorney near me,Sherman Oaks,EstatePlanning-HighVolume -- Sherman Oaks.xlsx,2,"Sherman Oaks Trust Litigation, Probate & Estate Planning : OC ...",https://www.octrustslawyer.com/law-offices/sherman-oaks-trust-estate-planning/,Estate Planning & Living Trust Attorney with a Proven Track Record in Sherman Oaks. Living trusts are essential legal documents that allow you to manage and ...,,,,,,,"{'type': None, 'hours': None, 'phone': None}",,,,octrustslawyer.com,23,26,1,1579,134,10209,,
living trust attorney near me,Sherman Oaks,EstatePlanning-HighVolume -- Sherman Oaks.xlsx,3,"Probate, Estate, Elder, Trust Attorney Los Angeles, California",https://stevensonlawoffice.com/,"Stevenson Law Office is a leading firm for trust and estate litigation and administration and probate services for clients in Los Angeles, Sherman Oaks, Long ...",,,,,,,"{'type': None, 'hours': None, 'phone': None}",,,,stevensonlawoffice.com,22,32,3,1150,181,2750,,
estate will attorney,Sherman Oaks,EstatePlanning-HighVolume -- Sherman Oaks.xlsx,2,"Probate, Estate, Elder, Trust Attorney Los Angeles, California",https://stevensonlawoffice.com/,"Stevenson Law Office is a leading firm for trust and estate litigation and administration and probate services for clients in Los Angeles, Sherman Oaks, Long ...",,,,,,,"{'type': None, 'hours': None, 'phone': None}",,,,stevensonlawoffice.com,22,32,3,1150,181,2750,,
estate will attorney,Sherman Oaks,EstatePlanning-HighVolume -- Sherman Oaks.xlsx,3,Estate Planning Lawyer in Sherman Oaks | Call (818) 285-2850,https://talailaw.com/areas-we-serve/sherman-oaks/,Need an estate planning lawyer in Sherman Oaks? Call (818) 285-2850 for a free consultation with our experienced estate planning attorney.,,,,,,,"{'type': None, 'hours': None, 'phone': None}",,,,talailaw.com,14,24,1,138,40,15104,,
trust lawyers near me,Sherman Oaks,EstatePlanning-HighVolume -- Sherman Oaks.xlsx,3,"Probate, Estate, Elder, Trust Attorney Los Angeles, California",https://stevensonlawoffice.com/,"Stevenson Law Office is a leading firm for trust and estate litigation and administration and probate services for clients in Los Angeles, Sherman Oaks, Long ...",,,,,,,"{'type': None, 'hours': None, 'phone': None}",,,,stevensonlawoffice.com,22,32,3,1150,181,2750,,
probate lawyer near me,Sherman Oaks,EstatePlanning-HighVolume -- Sherman Oaks.xlsx,3,"Probate, Estate, Elder, Trust Attorney Los Angeles, California",https://stevensonlawoffice.com/,"As a renowned law firm, our attorney provides legal guidance in Estate Planning, Trusts, Probate, and Conservatorships matters in Long Beach and Sherman Oaks.",,,,,,,"{'type': None, 'hours': None, 'phone': None}",,,,stevensonlawoffice.com,22,32,3,1150,181,2750,,
trust attorney near me,Sherman Oaks,EstatePlanning-HighVolume -- Sherman Oaks.xlsx,3,"Probate, Estate, Elder, Trust Attorney Los Angeles, California",https://stevensonlawoffice.com/,"Stevenson Law Office is a leading firm for trust and estate litigation and administration and probate services for clients in Los Angeles, Sherman Oaks, Long ...",,,,,,,"{'type': None, 'hours': None, 'phone': None}",,,,stevensonlawoffice.com,22,32,3,1150,181,2750,,
copyright infringement lawyer near me,Sherman Oaks,Intellectual Property-LongTail-- Sherman Oaks.xlsx,2,"Copyrights | Los Angeles, California Intellectual Property Lawyer",https://www.milordlaw.com/practice-areas/copyrights/,"Call (310) 226-7878 - Milord & Associates, PC. is dedicated to serving our clients with a range of legal services including Intellectual Property and Patent ...",,,,,,,"{'type': None, 'hours': None, 'phone': None}",,,,milordlaw.com,19,28,3,23759,149,24453,,
copyright infringement lawyer near me,Sherman Oaks,Intellectual Property-LongTail-- Sherman Oaks.xlsx,3,"Trademarks Attorney Sherman Oaks, Patent Registration ...",https://www.netshemlaw.com/intellectual-property,Missing: infringement lawyer,,,,,,,"{'type': None, 'hours': None, 'phone': None}",,,,netshemlaw.com,22,27,1,835,85,1608,,
trust will lawyer,Sherman Oaks,EstatePlanning-HighVolume -- Sherman Oaks.xlsx,1,"Probate, Estate, Elder, Trust Attorney Los Angeles, California",https://stevensonlawoffice.com/,"Stevenson Law Office is a leading firm for trust and estate litigation and administration and probate services for clients in Los Angeles, Sherman Oaks, Long ...",,,,,,,"{'type': None, 'hours': None, 'phone': None}",,,,stevensonlawoffice.com,22,32,3,1150,181,2750,,
trust will lawyer,Sherman Oaks,EstatePlanning-HighVolume -- Sherman Oaks.xlsx,2,Estate Planning Lawyer in Sherman Oaks | Call (818) 285-2850,https://talailaw.com/areas-we-serve/sherman-oaks/,Need an estate planning lawyer in Sherman Oaks? Call (818) 285-2850 for a free consultation with our experienced estate planning attorney.,,,,,,,"{'type': None, 'hours': None, 'phone': None}",,,,talailaw.com,14,24,1,138,40,15104,,
trust will lawyer,Sherman Oaks,EstatePlanning-HighVolume -- Sherman Oaks.xlsx,3,Hire the Best Estate Planning Attorney in the Sherman Oaks ...,https://singhlawfirm.com/best-estate-planning-attorney-in-the-sherman-oaks-california-area/,"The Singh Law Firm, reviewed as the best estate planning attorney in the Sherman Oaks, California area, offers services from basic wills to complex estate ...",,,,,,,"{'type': None, 'hours': None, 'phone': None}",,,,singhlawfirm.com,26,38,1,1833,421,28114,,
estate lawyers near me,Sherman Oaks,EstatePlanning-HighVolume -- Sherman Oaks.xlsx,3,"Probate, Estate, Elder, Trust Attorney Los Angeles, California",https://stevensonlawoffice.com/,"Stevenson Law Office is a leading firm for trust and estate litigation and administration and probate services for clients in Los Angeles, Sherman Oaks, Long ...",,,,,,,"{'type': None, 'hours': None, 'phone': None}",,,,stevensonlawoffice.com,22,32,3,1150,181,2750,,
intellectual property and patent lawyer,Sherman Oaks,Intellectual Property-LongTail-- Sherman Oaks.xlsx,3,"Trademarks Attorney Sherman Oaks, Patent Registration ...",https://www.netshemlaw.com/intellectual-property,"Contact Law Offices of Netzah & Shem-Tov, law firm specializing in protecting your intellectual property including trademarks, copyrights, patents and trade",,,,,,,"{'type': None, 'hours': None, 'phone': None}",,,,netshemlaw.com,22,27,1,835,85,1608,,
intellectual property attorney sherman oaks,Sherman Oaks,Intellectual Property-LongTail-- Sherman Oaks.xlsx,1,"Trademarks Attorney Sherman Oaks, Patent Registration ...",https://www.netshemlaw.com/intellectual-property,"Contact Law Offices of Netzah & Shem-Tov, law firm specializing in protecting your intellectual property including trademarks, copyrights, patents and trade",,,,,,,"{'type': None, 'hours': None, 'phone': None}",,,,netshemlaw.com,22,27,1,835,85,1608,,
patent and trademark attorney,Sherman Oaks,Intellectual Property-LongTail-- Sherman Oaks.xlsx,3,Los Angeles Trademark Attorney | California Patent Lawyer | Milord ...,https://www.milordlaw.com/,"Call (310) 226-7878 - Milord & Associates, PC. is dedicated to serving our clients with a range of legal services including Trademark and Patent cases.",,,,,,,"{'type': None, 'hours': None, 'phone': None}",,,,milordlaw.com,19,28,3,23759,149,24453,,
dui defense,Sherman Oaks,DUI-HighVolume-- Sherman Oaks.xlsx,1,Sherman Oaks DUI Lawyer - Kraut Law Group,https://www.losangelescriminallawyer.pro/sherman-oaks.html,A skilled Sherman Oaks DUI attorney at our DUI defense firm can ... Sherman Oaks | Sherman Oaks Drunk Driving Defense Lawyer Kraut Criminal & DUI Lawyers.,,,,,,,"{'type': None, 'hours': None, 'phone': None}",,,,losangelescriminallawyer.pro,46,46,5,84442,2805,170086,,
dui defense,Sherman Oaks,DUI-HighVolume-- Sherman Oaks.xlsx,2,DUI Attorney Sherman Oaks - My Rights Law,https://www.myrightslawgroup.com/dui-lawyer-sherman-oaks-ca/,Our Sherman Oaks DUI lawyers will craft a personalized defense strategy based on the unique facts of your case. This may include challenging the evidence or ...,,,,,,,"{'type': None, 'hours': None, 'phone': None}",,,,myrightslawgroup.com,55,42,1,16021,926,380865,,
dui defense,Sherman Oaks,DUI-HighVolume-- Sherman Oaks.xlsx,3,DUI | Sherman Oaks Criminal Defense Lawyer Killedjian Law ...,https://www.klc4law.com/dui.html,"We represent clients in both criminal and administrative DUI hearings, defending their freedom as well as their right to drive.",,,,,,,"{'type': None, 'hours': None, 'phone': None}",,,,klc4law.com,5,18,5,121,15,655,,
dui attorney,Sherman Oaks,DUI-HighVolume-- Sherman Oaks.xlsx,2,Ross Howell Sobel: Van Nuys DUI Attorney - Sherman Oaks DUI ...,https://www.rosshsobel.com/,"Ross Howell Sobel has extensive experience in representing individuals who have been charged with Drunk Driving-better known as “DUI,” or Driving Under the ...",,,,,,,,,,,rosshsobel.com,19,29,12,853,120,6259,,
dui attorney,Sherman Oaks,DUI-HighVolume-- Sherman Oaks.xlsx,3,Sherman Oaks DUI Lawyer - Kraut Law Group,https://www.losangelescriminallawyer.pro/sherman-oaks.html,A skilled Sherman Oaks DUI attorney at our DUI defense firm can help ... Sherman Oaks | Sherman Oaks Drunk Driving Defense Lawyer Kraut Criminal & DUI Lawyers.,,,,,,,"{'type': None, 'hours': None, 'phone': None}",,,,losangelescriminallawyer.pro,46,46,5,84442,2805,170086,,
sherman oaks trademark attorney,Sherman Oaks,Intellectual Property-LongTail-- Sherman Oaks.xlsx,2,"Trademarks Attorney Sherman Oaks, Patent Registration ...",https://www.netshemlaw.com/intellectual-property,"Contact Netzah & Shem-Tov to speak with one of our attorneys Today! Don't wait till it's too late, call today 818-995- ...",,,,,,,,,,,netshemlaw.com,22,27,1,835,85,1608,,
trademark lawyer sherman oaks,Sherman Oaks,Intellectual Property-LongTail-- Sherman Oaks.xlsx,3,Los Angeles Trademark Attorney | California Patent Lawyer | Milord ...,https://www.milordlaw.com/,"Call (310) 226-7878 - Milord & Associates, PC. is dedicated to serving our clients with a range of legal services including Trademark and Patent cases.",,,,,,,"{'type': None, 'hours': None, 'phone': None}",,,,milordlaw.com,19,28,3,23759,149,24453,,
dui attorney near me,Sherman Oaks,DUI-HighVolume-- Sherman Oaks.xlsx,2,Ross Howell Sobel: Van Nuys DUI Attorney - Sherman Oaks DUI ...,https://www.rosshsobel.com/,Ross Sobel's knowledge of DUI law and extensive experience are unprecedented. We handle all types of DUI cases in Los Angeles County and Van Nuys.,,,,,,,"{'type': None, 'hours': None, 'phone': None}",,,,rosshsobel.com,19,29,12,853,120,6259,,
dui attorney near me,Sherman Oaks,DUI-HighVolume-- Sherman Oaks.xlsx,3,Sherman Oaks DUI Lawyer - Kraut Law Group,https://www.losangelescriminallawyer.pro/sherman-oaks.html,"The Kraut Criminal & DUI Lawyers offers a free and private consultation to all perspective clients in Shearman Oaks, California. Please contact a Sherman Oaks ...",,,,,,,"{'type': None, 'hours': None, 'phone': None}",,,,losangelescriminallawyer.pro,46,46,5,84442,2805,170086,,
cheap dui lawyers,Sherman Oaks,DUI-HighVolume-- Sherman Oaks.xlsx,1,Ross Howell Sobel: Van Nuys DUI Attorney - Sherman Oaks DUI ...,https://www.rosshsobel.com/,"Affordable. We strive to provide our clients affordable pricing that when needed includes payment plans, all while delivering top results. Top Rated.",,,,,,,"{'type': None, 'hours': None, 'phone': None}",,,,rosshsobel.com,19,29,12,853,120,6259,,
cheap dui lawyers,Sherman Oaks,DUI-HighVolume-- Sherman Oaks.xlsx,2,Sigal Law Group | Sherman Oaks | Criminal Defense,https://www.la-criminal-defense.com/,"Aggressive, Experienced Representation at Affordable Prices · Got me out of a jam · Great Lawyer · Best Attorney · Trustworthy and Excellent Lawyer.",,,,,,,"{'type': None, 'hours': None, 'phone': None}",,,,la-criminal-defense.com,20,32,22,2148,328,63010,,
attorney for credit card debt,Sherman Oaks, Bankruptcy-LongTail-- Sherman Oaks.xlsx,1,Los Angeles Credit Card Debt Lawyer,https://www.wslaw.com/los-angeles-credit-card-debt-attorneys/,Los Angeles bankruptcy attorneys Wadhwani & Shanfeld help consumers deal with crippling credit card debt in Chapter 7 & Chapter 13 bankruptcy & debt ...,,,,,,,"{'type': None, 'hours': None, 'phone': None}",,,,wslaw.com,27,33,1,8112,360,87283,,
attorney for credit card debt,Sherman Oaks, Bankruptcy-LongTail-- Sherman Oaks.xlsx,2,Sherman Oaks Credit Card Debt Lawyer,https://www.wslaw.com/sherman-oaks-credit-card-debt-lawyer/,"At Wadhwani & Shanfeld, our Sherman Oaks credit card debt lawyers have seen it all, and are prepared to do whatever it takes to protect your best interests.",,,,,,,"{'type': None, 'hours': None, 'phone': None}",,,,wslaw.com,27,33,1,8112,360,87283,,
attorney for credit card debt,Sherman Oaks, Bankruptcy-LongTail-- Sherman Oaks.xlsx,3,Sherman Oaks Debt Lawyer :: McCarthy Law PLC,https://mccarthylawyer.com/our-lawyers/david-a-taran-attorney-mccarthy-law-plc/,David A. Taran is a qualified Sherman Oaks debt lawyer servicing the area. Call now for a Free Consultation. Make sure you know your debt options.,,,,,,,,,,,mccarthylawyer.com,32,41,1,7089,1043,18102,,
dwi attorney near me,Sherman Oaks,DUI-HighVolume-- Sherman Oaks.xlsx,1,Ross Howell Sobel: Van Nuys DUI Attorney - Sherman Oaks DUI ...,https://www.rosshsobel.com/,Call 818-582-2350 to schedule your free DUI consultation today. We will discuss possible strategies and help put your mind at ease.,,,,,,,,,,,rosshsobel.com,19,29,12,853,120,6259,,
dwi lawyers near me,Sherman Oaks,DUI-HighVolume-- Sherman Oaks.xlsx,3,Ross Howell Sobel: Van Nuys DUI Attorney - Sherman Oaks DUI ...,https://www.rosshsobel.com/,Attorney Sobel is recognized as a candid and extremely competent lawyer by judges and prosecutors. If you or a loved one is facing a DUI criminal charge and are ...,,,,,,,"{'type': None, 'hours': None, 'phone': None}",,,,rosshsobel.com,19,29,12,853,120,6259,,
oui lawyers near me,Sherman Oaks,DUI-HighVolume-- Sherman Oaks.xlsx,1,"Sherman Oaks, California OUI Attorney | Sherman Oaks OUI Lawyer",https://www.findaduiattorney.com/California/Los-Angeles/Sherman-Oaks/OUI.aspx,"Finding a Sherman Oaks OUI attorney is easy when you use our directory, as you can see by reviewing the following search results. These legal professionals ...",,,,,,,,,,,findaduiattorney.com,10,31,21,1970,270,9656617,,
oui lawyers near me,Sherman Oaks,DUI-HighVolume-- Sherman Oaks.xlsx,2,Sherman Oaks DUI Criminal Defense Attorneys,https://www.losangelescriminaldefenselawyer.org/dui-defense-sherman-oaks-ca/,"Arrested for drunk driving or a DUI? Get charges reduced or dropped with our dedicated, experienced Local Sherman Oaks DUI defense attorneys.",,,,,,,,,,,losangelescriminaldefenselawyer.org,41,28,1,386441,905,1121885,,
oui lawyers near me,Sherman Oaks,DUI-HighVolume-- Sherman Oaks.xlsx,3,Los Angeles DUI Attorney | Felony DUI lawyer,https://www.dui-attorney-la.com/,... way to achieve best possible solution for your drunk driving case. 1436 S. La Cienega Blvd. Suite 111. Los Angeles CA 90035. USA. (888) 579-9996 info@dui ...,,,,,,,,,,,dui-attorney-la.com,23,35,-1,10607,303,10607,,
dwi lawyers,Sherman Oaks,DUI-HighVolume-- Sherman Oaks.xlsx,2,Sherman Oaks DUI Lawyer - Kraut Law Group,https://www.losangelescriminallawyer.pro/sherman-oaks.html,"Free Consultation - Call (888) 334-6344 - Former LA Prosecutor, Harvard Law School Educated, Sherman Oaks Criminal Defense Lawyer Michael Kraut.",,,,,,,,,,,losangelescriminallawyer.pro,46,46,5,84442,2805,170086,,
dwi lawyer,Sherman Oaks,DUI-HighVolume-- Sherman Oaks.xlsx,2,Sherman Oaks DUI Lawyer - Kraut Law Group,https://www.losangelescriminallawyer.pro/sherman-oaks.html,... Sherman Oaks DUI lawyer at the Kraut Criminal & DUI Lawyers immediately. ... Sherman Oaks | Sherman Oaks Drunk Driving Defense Lawyer Kraut Criminal & DUI Lawyers.,,,,,,,,,,,losangelescriminallawyer.pro,46,46,5,84442,2805,170086,,
dwi lawyer,Sherman Oaks,DUI-HighVolume-- Sherman Oaks.xlsx,3,Ross Howell Sobel: Van Nuys DUI Attorney - Sherman Oaks DUI ...,https://www.rosshsobel.com/,Sobel specializes in complex DUI/DWI law and is uniquely qualified to get you through this difficult time. Ross Howell Sobel has extensive experience in ...,,,,,,,"{'type': None, 'hours': None, 'phone': None}",,,,rosshsobel.com,19,29,12,853,120,6259,,
dwi lawyer cost,Sherman Oaks,DUI-HighVolume-- Sherman Oaks.xlsx,1,How much does a DUI cost me in California? A breakdown,https://www.shouselaw.com/ca/blog/how-much-does-a-dui-cost-in-california/,"How much does a DUI cost me in California? A breakdown ; Attorney fees, $3,000 – $15,000 (depending on the complexity of your case) ; Increased ...",,,,,,,,,,,shouselaw.com,60,53,2,361460,17092,400924,,
dwi lawyer cost,Sherman Oaks,DUI-HighVolume-- Sherman Oaks.xlsx,2,Sherman Oaks DUI Attorney - Ross Howell Sobel,https://www.rosshsobel.com/locations/sherman-oaks,Missing: dwi cost,,,,,,,"{'type': None, 'hours': None, 'phone': None}",,,,rosshsobel.com,19,29,12,853,120,6259,,
dwi lawyer cost,Sherman Oaks,DUI-HighVolume-- Sherman Oaks.xlsx,3,Sherman Oaks DUI Lawyer - Law Offices of Christopher Chaney,https://www.ceclaw.net/sherman-oaks-dui-lawyer/,"Depending on the severity of the DUI charge, an individual can face fines ranging from $390 to $5,000. This amount does not include penalty assessments and ...",,,,,,,"{'type': None, 'hours': None, 'phone': None}",,,,ceclaw.net,25,30,3,3230,343,97277,,
chapter 13 lawyers near me,Sherman Oaks, Bankruptcy-LongTail-- Sherman Oaks.xlsx,1,Sherman Oaks Bankruptcy Lawyer,https://www.wslaw.com/sherman-oaks-bankruptcy-lawyer/,Call Wadhwani & Shanfeld for immediate assistance and personalized attention from a skilled and experienced Sherman Oaks bankruptcy attorney.,,,,,,,,,,,wslaw.com,27,33,1,8112,360,87283,,
chapter 13 lawyers near me,Sherman Oaks, Bankruptcy-LongTail-- Sherman Oaks.xlsx,2,Sherman Oaks Chapter 13 Bankruptcy Lawyer,https://www.wslaw.com/sherman-oaks-chapter-13-bankruptcy-lawyer/,The Sherman Oaks Chapter 13 bankruptcy lawyers at Wadhwani & Shanfeld can help you regain your financial footing by working with the court and your creditors to ...,,,,,,,,,,,wslaw.com,27,33,1,8112,360,87283,,
domestic violence defense attorney near me,Sherman Oaks,CriminalLaw-LongTail-- Sherman Oaks.xlsx,1,Domestic Violence | Sherman Oaks Criminal Defense Lawyer ...,https://www.klc4law.com/domestic-violence.html,"To learn more, and to schedule a free consultation with Attorney Melanie Killedjian at the Killedjian Law Corporation, call (818) 986-0888 today. You can also connect with us through our online contact form.",,,,,,,,,,,klc4law.com,5,18,5,121,15,655,,
domestic violence defense attorney near me,Sherman Oaks,CriminalLaw-LongTail-- Sherman Oaks.xlsx,2,Sherman Oaks Domestic Violence Attorney - Hurwitz Law Group,https://hurwitzlawgroup.com/sherman-oaks/domestic-violence-attorney/,"The representative team at Hurwitz Law Group, Inc. has seen the results of these charges on clients of other defenders. It can be devastating to your life in ...",,,,,,,,,,,hurwitzlawgroup.com,28,40,1,1414,477,21555,,
crypto attorney near me,Sherman Oaks,Crypto-LongTail-- Sherman Oaks.xlsx,1,"TOP 10 BEST Crypto Lawyer near Sherman Oaks, Los Angeles, CA ...",https://m.yelp.com/search?find_desc=Crypto+Lawyer&find_loc=Sherman+Oaks%2C+Los+Angeles%2C+CA,"Top 10 Best Crypto Lawyer in Los Angeles, CA - March 2025 - Yelp - Leading Tax Group, The Tax Law Offices of David W Klasing, PC, Semper Tax Relief, ...",,,,,,,,,,,m.yelp.com,0,0,0,0,0,0,,
crypto attorney near me,Sherman Oaks,Crypto-LongTail-- Sherman Oaks.xlsx,2,Stubbs Alderton & Markiles Attorneys Assist Clients With Every ...,https://stubbsalderton.com/,"Stubbs Alderton & Markiles Attorneys specialize in corporate, VC, M&A, Business Litigation, Intellectual Property, Entertainment, Public Securities.",,,,,,,,,,,stubbsalderton.com,37,39,8,9657,586,143752,,
crypto attorney near me,Sherman Oaks,Crypto-LongTail-- Sherman Oaks.xlsx,3,"Cryptocurrency Attorney in Los Angeles, CA",https://dyounglaw.net/practice-areas/cryptocurrency/,Missing: Sherman Oaks,,,,,,,,,,,dyounglaw.net,17,31,6,4051,120,4903,,
